Date,Oil
01-Sep-07,
02-Sep-07,
03-Sep-07,
04-Sep-07,
05-Sep-07,
06-Sep-07,
07-Sep-07,
08-Sep-07,
09-Sep-07,
10-Sep-07,
11-Sep-07,
12-Sep-07,
13-Sep-07,
14-Sep-07,
15-Sep-07,
16-Sep-07,
17-Sep-07,
18-Sep-07,
19-Sep-07,
20-Sep-07,
21-Sep-07,
22-Sep-07,
23-Sep-07,
24-Sep-07,
25-Sep-07,
26-Sep-07,
27-Sep-07,
28-Sep-07,
29-Sep-07,
30-Sep-07,
01-Oct-07,
02-Oct-07,
03-Oct-07,
04-Oct-07,
05-Oct-07,
06-Oct-07,
07-Oct-07,
08-Oct-07,
09-Oct-07,
10-Oct-07,
11-Oct-07,
12-Oct-07,
13-Oct-07,
14-Oct-07,
15-Oct-07,
16-Oct-07,
17-Oct-07,
18-Oct-07,
19-Oct-07,
20-Oct-07,
21-Oct-07,
22-Oct-07,
23-Oct-07,
24-Oct-07,
25-Oct-07,
26-Oct-07,
27-Oct-07,
28-Oct-07,
29-Oct-07,
30-Oct-07,
31-Oct-07,
01-Nov-07,
02-Nov-07,
03-Nov-07,
04-Nov-07,
05-Nov-07,
06-Nov-07,
07-Nov-07,
08-Nov-07,
09-Nov-07,
10-Nov-07,
11-Nov-07,
12-Nov-07,
13-Nov-07,
14-Nov-07,
15-Nov-07,
16-Nov-07,
17-Nov-07,
18-Nov-07,
19-Nov-07,
20-Nov-07,
21-Nov-07,
22-Nov-07,
23-Nov-07,
24-Nov-07,
25-Nov-07,
26-Nov-07,
27-Nov-07,
28-Nov-07,
29-Nov-07,
30-Nov-07,
01-Dec-07,
02-Dec-07,
03-Dec-07,
04-Dec-07,
05-Dec-07,
06-Dec-07,
07-Dec-07,
08-Dec-07,
09-Dec-07,
10-Dec-07,
11-Dec-07,
12-Dec-07,
13-Dec-07,
14-Dec-07,
15-Dec-07,
16-Dec-07,
17-Dec-07,
18-Dec-07,
19-Dec-07,
20-Dec-07,
21-Dec-07,
22-Dec-07,
23-Dec-07,
24-Dec-07,
25-Dec-07,
26-Dec-07,
27-Dec-07,
28-Dec-07,
29-Dec-07,
30-Dec-07,
31-Dec-07,
01-Jan-08,
02-Jan-08,
03-Jan-08,
04-Jan-08,
05-Jan-08,
06-Jan-08,
07-Jan-08,
08-Jan-08,
09-Jan-08,
10-Jan-08,
11-Jan-08,
12-Jan-08,
13-Jan-08,
14-Jan-08,
15-Jan-08,
16-Jan-08,
17-Jan-08,
18-Jan-08,
19-Jan-08,
20-Jan-08,
21-Jan-08,
22-Jan-08,
23-Jan-08,
24-Jan-08,
25-Jan-08,
26-Jan-08,
27-Jan-08,
28-Jan-08,
29-Jan-08,
30-Jan-08,
31-Jan-08,
01-Feb-08,
02-Feb-08,
03-Feb-08,
04-Feb-08,
05-Feb-08,
06-Feb-08,
07-Feb-08,
08-Feb-08,
09-Feb-08,
10-Feb-08,
11-Feb-08,
12-Feb-08,284.65
13-Feb-08,1869.7
14-Feb-08,3124.09
15-Feb-08,2608.28
16-Feb-08,3051.8
17-Feb-08,2982.63
18-Feb-08,2980.52
19-Feb-08,3046.19
20-Feb-08,3057.18
21-Feb-08,3030.33
22-Feb-08,2907.56
23-Feb-08,1851.72
24-Feb-08,3126.7
25-Feb-08,3045.54
26-Feb-08,3046.54
27-Feb-08,3035.54
28-Feb-08,2971.55
29-Feb-08,3070.54
01-Mar-08,3068.48
02-Mar-08,3066.54
03-Mar-08,3043.54
04-Mar-08,2983.19
05-Mar-08,2967.05
06-Mar-08,2950.88
07-Mar-08,2656.62
08-Mar-08,2578.48
09-Mar-08,2996.83
10-Mar-08,3021.4
11-Mar-08,3010.4
12-Mar-08,2794.44
13-Mar-08,3058.89
14-Mar-08,2964.81
15-Mar-08,3131.37
16-Mar-08,3135.37
17-Mar-08,3143.37
18-Mar-08,3132.37
19-Mar-08,3139.62
20-Mar-08,3156.67
21-Mar-08,3192.14
22-Mar-08,3172.12
23-Mar-08,3160.26
24-Mar-08,3153.35
25-Mar-08,3130.58
26-Mar-08,960.26
27-Mar-08,0
28-Mar-08,73.44
29-Mar-08,3137.26
30-Mar-08,1430.95
31-Mar-08,1950.58
01-Apr-08,3060.6
02-Apr-08,3053.67
03-Apr-08,3103.12
04-Apr-08,3110.68
05-Apr-08,3303.3
06-Apr-08,3028.41
07-Apr-08,2998.8
08-Apr-08,3054.12
09-Apr-08,3025.8
10-Apr-08,3003.22
11-Apr-08,3015.97
12-Apr-08,1615.37
13-Apr-08,429.77
14-Apr-08,2578.63
15-Apr-08,2494.26
16-Apr-08,2847.56
17-Apr-08,1120.57
18-Apr-08,2448.14
19-Apr-08,2513.65
20-Apr-08,2752.75
21-Apr-08,2752.3
22-Apr-08,2737.24
23-Apr-08,2735.53
24-Apr-08,2730.33
25-Apr-08,2727.65
26-Apr-08,2747.01
27-Apr-08,1985.59
28-Apr-08,
29-Apr-08,546.58
30-Apr-08,3011.83
01-May-08,3167.59
02-May-08,3163.92
03-May-08,3173.19
04-May-08,3188.85
05-May-08,3186.96
06-May-08,3176.89
07-May-08,3171.32
08-May-08,3170.85
09-May-08,3188.02
10-May-08,3415.68
11-May-08,3701.51
12-May-08,4002.28
13-May-08,4253.12
14-May-08,4279.91
15-May-08,4439.62
16-May-08,4582.9
17-May-08,4677.42
18-May-08,4688.63
19-May-08,4687.74
20-May-08,4885.56
21-May-08,5013.12
22-May-08,5017.55
23-May-08,5019.23
24-May-08,5034.28
25-May-08,5045.72
26-May-08,5053.01
27-May-08,5065.87
28-May-08,5072.27
29-May-08,5086.33
30-May-08,3869.22
31-May-08,0
01-Jun-08,22.94
02-Jun-08,4019.51
03-Jun-08,4999.75
04-Jun-08,5067.01
05-Jun-08,5040.47
06-Jun-08,5058.13
07-Jun-08,5057.56
08-Jun-08,5070.12
09-Jun-08,5081.36
10-Jun-08,5081.78
11-Jun-08,5087.06
12-Jun-08,5060.12
13-Jun-08,5032.29
14-Jun-08,4332.16
15-Jun-08,5087.53
16-Jun-08,5102.25
17-Jun-08,5102.84
18-Jun-08,5135.06
19-Jun-08,5140.62
20-Jun-08,4721.66
21-Jun-08,5037.62
22-Jun-08,5147.1
23-Jun-08,5114.6
24-Jun-08,5123.74
25-Jun-08,5135.48
26-Jun-08,4232.54
27-Jun-08,5126.41
28-Jun-08,5075.74
29-Jun-08,5121.12
30-Jun-08,4372.28
01-Jul-08,3980.51
02-Jul-08,5114.67
03-Jul-08,5083.67
04-Jul-08,5080.84
05-Jul-08,5086.26
06-Jul-08,5087.7
07-Jul-08,5094.92
08-Jul-08,5095.75
09-Jul-08,5094.03
10-Jul-08,4621.52
11-Jul-08,2855.54
12-Jul-08,686.84
13-Jul-08,5904.64
14-Jul-08,4411.16
15-Jul-08,6836.92
16-Jul-08,6557.63
17-Jul-08,6629.63
18-Jul-08,5995.91
19-Jul-08,5950.66
20-Jul-08,5977.04
21-Jul-08,5925.65
22-Jul-08,5884.08
23-Jul-08,5894.47
24-Jul-08,5911.48
25-Jul-08,5926.97
26-Jul-08,5904.41
27-Jul-08,5909.64
28-Jul-08,5905.84
29-Jul-08,6016.82
30-Jul-08,5987.7
31-Jul-08,5866.79
01-Aug-08,6095.34
02-Aug-08,6089.46
03-Aug-08,6104.92
04-Aug-08,6112.61
05-Aug-08,6134.42
06-Aug-08,1831.18
07-Aug-08,
08-Aug-08,1533.2
09-Aug-08,7881.25
10-Aug-08,8498.16
11-Aug-08,8530.49
12-Aug-08,8544.81
13-Aug-08,8390.12
14-Aug-08,8029.87
15-Aug-08,8102.12
16-Aug-08,9058.32
17-Aug-08,9166.8
18-Aug-08,9040.37
19-Aug-08,9034.9
20-Aug-08,9013.53
21-Aug-08,7361.25
22-Aug-08,2049.86
23-Aug-08,2059.29
24-Aug-08,2080.27
25-Aug-08,2089.77
26-Aug-08,2093.46
27-Aug-08,2084.4
28-Aug-08,2086.63
29-Aug-08,2189.55
30-Aug-08,2058.63
31-Aug-08,2098.68
01-Sep-08,2029.12
02-Sep-08,2182.67
03-Sep-08,2164.78
04-Sep-08,2186.74
05-Sep-08,2230.26
06-Sep-08,2202.77
07-Sep-08,2173.11
08-Sep-08,2229.99
09-Sep-08,2272.65
10-Sep-08,5560.12
11-Sep-08,8881.31
12-Sep-08,8525.45
13-Sep-08,8983.18
14-Sep-08,9000.2
15-Sep-08,9017.02
16-Sep-08,8987.73
17-Sep-08,8941.03
18-Sep-08,6452.68
19-Sep-08,6720.79
20-Sep-08,8959.28
21-Sep-08,7379.33
22-Sep-08,7536.27
23-Sep-08,8943.72
24-Sep-08,8965.9
25-Sep-08,8270.09
26-Sep-08,9029.43
27-Sep-08,8076.9
28-Sep-08,8527.87
29-Sep-08,8923.17
30-Sep-08,6909.65
01-Oct-08,8926.72
02-Oct-08,8889.39
03-Oct-08,8875.8
04-Oct-08,7418.12
05-Oct-08,8796.73
06-Oct-08,5612.18
07-Oct-08,6948.78
08-Oct-08,6927.84
09-Oct-08,6915.68
10-Oct-08,6927.03
11-Oct-08,6971.63
12-Oct-08,7020.05
13-Oct-08,7036.65
14-Oct-08,7040.04
15-Oct-08,7012.66
16-Oct-08,7019.37
17-Oct-08,7038.43
18-Oct-08,7273.95
19-Oct-08,7154.29
20-Oct-08,7093.38
21-Oct-08,7088.77
22-Oct-08,8034.56
23-Oct-08,8016.06
24-Oct-08,8101.91
25-Oct-08,8158.33
26-Oct-08,8445.8
27-Oct-08,8051.48
28-Oct-08,8851.49
29-Oct-08,7616.2
30-Oct-08,8932.25
31-Oct-08,8978.72
01-Nov-08,7403.67
02-Nov-08,8174.98
03-Nov-08,8414.58
04-Nov-08,8585.24
05-Nov-08,8646.34
06-Nov-08,8607.29
07-Nov-08,8446.86
08-Nov-08,8496.11
09-Nov-08,8616.63
10-Nov-08,8524.09
11-Nov-08,8569.59
12-Nov-08,8547.13
13-Nov-08,8583.79
14-Nov-08,8605.08
15-Nov-08,8605.81
16-Nov-08,8583.2
17-Nov-08,8603.35
18-Nov-08,8556.03
19-Nov-08,8686.24
20-Nov-08,8606.15
21-Nov-08,6977.95
22-Nov-08,8614.5
23-Nov-08,8066.14
24-Nov-08,8349.3
25-Nov-08,8723.57
26-Nov-08,8999.34
27-Nov-08,9033.67
28-Nov-08,4677.83
29-Nov-08,7954.08
30-Nov-08,9066.63
01-Dec-08,8428.7
02-Dec-08,8480.07
03-Dec-08,8958.38
04-Dec-08,9005.83
05-Dec-08,8839.03
06-Dec-08,8955.42
07-Dec-08,9010.41
08-Dec-08,8894
09-Dec-08,8964.91
10-Dec-08,8971.78
11-Dec-08,8652.46
12-Dec-08,8919.7
13-Dec-08,8994.5
14-Dec-08,9022.87
15-Dec-08,8947.02
16-Dec-08,8905.85
17-Dec-08,8887.08
18-Dec-08,8999.55
19-Dec-08,8995.7
20-Dec-08,8941.88
21-Dec-08,8964.73
22-Dec-08,8976.17
23-Dec-08,8986.32
24-Dec-08,9002.34
25-Dec-08,8976.36
26-Dec-08,8996.69
27-Dec-08,8993.11
28-Dec-08,8989.94
29-Dec-08,8983.3
30-Dec-08,8978.63
31-Dec-08,9016.22
01-Jan-09,9035.2
02-Jan-09,8919.53
03-Jan-09,7943.95
04-Jan-09,8937.66
05-Jan-09,9124.84
06-Jan-09,7321.55
07-Jan-09,8931.78
08-Jan-09,8955.86
09-Jan-09,8271.23
10-Jan-09,9129.23
11-Jan-09,9076.89
12-Jan-09,9080.56
13-Jan-09,9030.8
14-Jan-09,9095.29
15-Jan-09,8975.52
16-Jan-09,8980.56
17-Jan-09,8621.14
18-Jan-09,8932.52
19-Jan-09,9047.36
20-Jan-09,8933.4
21-Jan-09,8286.18
22-Jan-09,8347.5
23-Jan-09,8978.42
24-Jan-09,8933.05
25-Jan-09,9014.43
26-Jan-09,8948.05
27-Jan-09,8951.65
28-Jan-09,7453.97
29-Jan-09,6145.68
30-Jan-09,8933.74
31-Jan-09,8912.28
01-Feb-09,7491.49
02-Feb-09,8936.42
03-Feb-09,8959.05
04-Feb-09,5822.07
05-Feb-09,8905.53
06-Feb-09,8932.07
07-Feb-09,7239.41
08-Feb-09,8859.29
09-Feb-09,7982.59
10-Feb-09,8809.34
11-Feb-09,8811.28
12-Feb-09,8938.78
13-Feb-09,7518.57
14-Feb-09,8949.39
15-Feb-09,8715.07
16-Feb-09,7964.6
17-Feb-09,9006.32
18-Feb-09,8951.17
19-Feb-09,8952.55
20-Feb-09,8948.71
21-Feb-09,6782
22-Feb-09,8854.91
23-Feb-09,8916.14
24-Feb-09,8854.67
25-Feb-09,7262.84
26-Feb-09,8833.85
27-Feb-09,8736.57
28-Feb-09,8851.31
01-Mar-09,8845.37
02-Mar-09,8973.72
03-Mar-09,8977.42
04-Mar-09,8896.03
05-Mar-09,4415.02
06-Mar-09,7354.05
07-Mar-09,5569.56
08-Mar-09,4990.38
09-Mar-09,4306.77
10-Mar-09,7316.88
11-Mar-09,6599.37
12-Mar-09,8219.44
13-Mar-09,5189.36
14-Mar-09,4690.25
15-Mar-09,5833.93
16-Mar-09,6944.23
17-Mar-09,5634.32
18-Mar-09,7996.17
19-Mar-09,8298.32
20-Mar-09,8757.14
21-Mar-09,8868.48
22-Mar-09,8871.37
23-Mar-09,8908.46
24-Mar-09,8732.94
25-Mar-09,1229.54
26-Mar-09,0
27-Mar-09,0
28-Mar-09,0
29-Mar-09,0
30-Mar-09,611.73
31-Mar-09,8572.9
01-Apr-09,8803.83
02-Apr-09,8976.69
03-Apr-09,8945.14
04-Apr-09,8763.88
05-Apr-09,8409.72
06-Apr-09,5544.62
07-Apr-09,5677.96
08-Apr-09,8046.68
09-Apr-09,7332.38
10-Apr-09,5656.03
11-Apr-09,5595.21
12-Apr-09,7441.17
13-Apr-09,8926.2
14-Apr-09,8973.32
15-Apr-09,5968.23
16-Apr-09,7565
17-Apr-09,8856.54
18-Apr-09,6689.15
19-Apr-09,5831.03
20-Apr-09,8896.55
21-Apr-09,8919.87
22-Apr-09,6887.03
23-Apr-09,8827.29
24-Apr-09,8882.21
25-Apr-09,8903.63
26-Apr-09,8959.39
27-Apr-09,8925.5
28-Apr-09,8904.61
29-Apr-09,8894.69
30-Apr-09,8896.19
01-May-09,8942.2
02-May-09,8880.89
03-May-09,8893.87
04-May-09,851.35
05-May-09,
06-May-09,6858.41
07-May-09,8149.67
08-May-09,8896.83
09-May-09,8736.93
10-May-09,9043.5
11-May-09,9052.66
12-May-09,9010.29
13-May-09,8882.49
14-May-09,8923.56
15-May-09,8967.02
16-May-09,8979.16
17-May-09,8989.4
18-May-09,8986.15
19-May-09,8980.67
20-May-09,8983.47
21-May-09,9025.54
22-May-09,9100.37
23-May-09,8919.57
24-May-09,8900.11
25-May-09,8881.49
26-May-09,8936.39
27-May-09,8954.38
28-May-09,8963.86
29-May-09,8750.73
30-May-09,8903.35
31-May-09,8869.74
01-Jun-09,8911.62
02-Jun-09,8911.74
03-Jun-09,8883.29
04-Jun-09,8861.66
05-Jun-09,8890.71
06-Jun-09,6593.66
07-Jun-09,8704.6
08-Jun-09,8920.2
09-Jun-09,8801.2
10-Jun-09,8798.31
11-Jun-09,7326.53
12-Jun-09,8763.3
13-Jun-09,7310.52
14-Jun-09,6429.04
15-Jun-09,6719.88
16-Jun-09,8408.09
17-Jun-09,8565
18-Jun-09,8531.79
19-Jun-09,8614.49
20-Jun-09,8868.25
21-Jun-09,6199.38
22-Jun-09,6119.05
23-Jun-09,6201.35
24-Jun-09,6211.48
25-Jun-09,5688.24
26-Jun-09,4718.4
27-Jun-09,4502.19
28-Jun-09,4479.17
29-Jun-09,4579.64
30-Jun-09,4570.96
01-Jul-09,4562.8
02-Jul-09,4536.71
03-Jul-09,4518.6
04-Jul-09,4503.57
05-Jul-09,4496.86
06-Jul-09,5593.78
07-Jul-09,5593.81
08-Jul-09,5483.58
09-Jul-09,5483.97
10-Jul-09,5457.41
11-Jul-09,5488.15
12-Jul-09,5513.41
13-Jul-09,5632.67
14-Jul-09,5572.91
15-Jul-09,5482.05
16-Jul-09,5467.56
17-Jul-09,5483.03
18-Jul-09,5394.1
19-Jul-09,4533.52
20-Jul-09,5668.92
21-Jul-09,6087.7
22-Jul-09,6095.08
23-Jul-09,6014.35
24-Jul-09,5932.59
25-Jul-09,6071.74
26-Jul-09,6041.21
27-Jul-09,5996.74
28-Jul-09,6079.98
29-Jul-09,6079.37
30-Jul-09,6093.47
31-Jul-09,6017.43
01-Aug-09,6017.43
02-Aug-09,2577.37
03-Aug-09,
04-Aug-09,11.98
05-Aug-09,7434.8
06-Aug-09,8934.06
07-Aug-09,8626
08-Aug-09,4482.22
09-Aug-09,9260.77
10-Aug-09,9436.61
11-Aug-09,9061.25
12-Aug-09,8896.06
13-Aug-09,8918.9
14-Aug-09,8964.57
15-Aug-09,8982.64
16-Aug-09,8991.85
17-Aug-09,9016.22
18-Aug-09,9004.82
19-Aug-09,9020.49
20-Aug-09,9033.2
21-Aug-09,9025.44
22-Aug-09,9025.93
23-Aug-09,9016.07
24-Aug-09,9061.22
25-Aug-09,9272.84
26-Aug-09,4132.53
27-Aug-09,7010.57
28-Aug-09,8995.74
29-Aug-09,4803.81
30-Aug-09,4848.34
31-Aug-09,3044.04
01-Sep-09,
02-Sep-09,0
03-Sep-09,0
04-Sep-09,293.98
05-Sep-09,3525.86
06-Sep-09,4244.26
07-Sep-09,7316.34
08-Sep-09,8217.96
09-Sep-09,9002.35
10-Sep-09,8964.69
11-Sep-09,8988.6
12-Sep-09,9002.54
13-Sep-09,9004.12
14-Sep-09,8942.82
15-Sep-09,8904.09
16-Sep-09,9046.27
17-Sep-09,8986.01
18-Sep-09,8996.97
19-Sep-09,8958.7
20-Sep-09,8950.25
21-Sep-09,9073.65
22-Sep-09,9047.18
23-Sep-09,9013.3
24-Sep-09,8955.46
25-Sep-09,8957.7
26-Sep-09,4023.56
27-Sep-09,32.03
28-Sep-09,0
29-Sep-09,0
30-Sep-09,0
01-Oct-09,3995.7
02-Oct-09,8450.84
03-Oct-09,8932.24
04-Oct-09,8927.94
05-Oct-09,8812.55
06-Oct-09,6776.03
07-Oct-09,8419.15
08-Oct-09,8260.69
09-Oct-09,7957.38
10-Oct-09,8040.87
11-Oct-09,8007.26
12-Oct-09,8039.89
13-Oct-09,6497.68
14-Oct-09,7735.8
15-Oct-09,6152.47
16-Oct-09,8566.5
17-Oct-09,2497.13
18-Oct-09,6553.22
19-Oct-09,8019.12
20-Oct-09,8014.58
21-Oct-09,8008.53
22-Oct-09,7988.44
23-Oct-09,2825.34
24-Oct-09,375.92
25-Oct-09,7574.39
26-Oct-09,8082.54
27-Oct-09,8095.88
28-Oct-09,8090.77
29-Oct-09,7531.09
30-Oct-09,8417.27
31-Oct-09,7999.76
01-Nov-09,8078.14
02-Nov-09,8042.93
03-Nov-09,8076.68
04-Nov-09,5756.27
05-Nov-09,8063.83
06-Nov-09,8012.99
07-Nov-09,8068.38
08-Nov-09,8104.97
09-Nov-09,7210.91
10-Nov-09,7654.91
11-Nov-09,8041.95
12-Nov-09,8043.56
13-Nov-09,7992.82
14-Nov-09,8038.2
15-Nov-09,8027.26
16-Nov-09,8023.81
17-Nov-09,8020.74
18-Nov-09,8075.76
19-Nov-09,8042.23
20-Nov-09,6703.68
21-Nov-09,8069.33
22-Nov-09,8038.56
23-Nov-09,6500.92
24-Nov-09,6826.39
25-Nov-09,7984.66
26-Nov-09,7966.06
27-Nov-09,7964.5
28-Nov-09,7946.58
29-Nov-09,8294.69
30-Nov-09,8387.47
01-Dec-09,8336.72
02-Dec-09,8367.03
03-Dec-09,8344.13
04-Dec-09,8398.37
05-Dec-09,7987.21
06-Dec-09,8335.1
07-Dec-09,8363.56
08-Dec-09,8368.19
09-Dec-09,8422.32
10-Dec-09,8449.21
11-Dec-09,8399.83
12-Dec-09,8385.02
13-Dec-09,7969.75
14-Dec-09,8291.37
15-Dec-09,8241.54
16-Dec-09,8252.45
17-Dec-09,7770.72
18-Dec-09,4646.43
19-Dec-09,5147.88
20-Dec-09,6981.91
21-Dec-09,8408.47
22-Dec-09,8398.02
23-Dec-09,8375.18
24-Dec-09,8369.26
25-Dec-09,7370.77
26-Dec-09,8140.52
27-Dec-09,8304.08
28-Dec-09,8210.42
29-Dec-09,8174.12
30-Dec-09,8172
31-Dec-09,8134.29
01-Jan-10,8218.1
02-Jan-10,8229.63
03-Jan-10,8057.57
04-Jan-10,7902.22
05-Jan-10,7952.24
06-Jan-10,7955.8
07-Jan-10,7914.44
08-Jan-10,7909.03
09-Jan-10,6336.32
10-Jan-10,7867.2
11-Jan-10,7872.29
12-Jan-10,7873.04
13-Jan-10,7849.85
14-Jan-10,7802.24
15-Jan-10,7796.68
16-Jan-10,7713.54
17-Jan-10,7601.24
18-Jan-10,7530
19-Jan-10,7460.77
20-Jan-10,7417.99
21-Jan-10,7345.13
22-Jan-10,7310
23-Jan-10,5946.27
24-Jan-10,6953.96
25-Jan-10,7286.11
26-Jan-10,6400.86
27-Jan-10,6969.2
28-Jan-10,7018.41
29-Jan-10,7136.85
30-Jan-10,7141.14
31-Jan-10,7111.96
01-Feb-10,7089.23
02-Feb-10,6935.55
03-Feb-10,6760.55
04-Feb-10,6622.96
05-Feb-10,6852.3
06-Feb-10,6807.82
07-Feb-10,6687.36
08-Feb-10,6935.15
09-Feb-10,6879.67
10-Feb-10,6770.7
11-Feb-10,6606.98
12-Feb-10,6184.73
13-Feb-10,6164.03
14-Feb-10,3548.27
15-Feb-10,3065.41
16-Feb-10,6760.45
17-Feb-10,6646.8
18-Feb-10,5353.15
19-Feb-10,6587.94
20-Feb-10,6465.13
21-Feb-10,6530.08
22-Feb-10,6479.42
23-Feb-10,5605.9
24-Feb-10,6523.41
25-Feb-10,4997.13
26-Feb-10,4520.88
27-Feb-10,4737.98
28-Feb-10,
01-Mar-10,
02-Mar-10,51.61
03-Mar-10,5580.15
04-Mar-10,6477.82
05-Mar-10,6500.64
06-Mar-10,5523.64
07-Mar-10,
08-Mar-10,3557.52
09-Mar-10,6751.69
10-Mar-10,6612.07
11-Mar-10,5913.8
12-Mar-10,4576.23
13-Mar-10,6368.05
14-Mar-10,6484.82
15-Mar-10,6412.35
16-Mar-10,6161.5
17-Mar-10,6194.75
18-Mar-10,6229.49
19-Mar-10,6162.85
20-Mar-10,6099.99
21-Mar-10,6048.35
22-Mar-10,6104.18
23-Mar-10,6177.23
24-Mar-10,6129.08
25-Mar-10,6136.92
26-Mar-10,6132.63
27-Mar-10,6126.38
28-Mar-10,5882.89
29-Mar-10,6120.2
30-Mar-10,6028.91
31-Mar-10,6015.12
01-Apr-10,786.82
02-Apr-10,4212.87
03-Apr-10,5516.28
04-Apr-10,6145.03
05-Apr-10,6021.09
06-Apr-10,5912.39
07-Apr-10,5897.24
08-Apr-10,5837.85
09-Apr-10,5764.49
10-Apr-10,5722.98
11-Apr-10,5673.03
12-Apr-10,5697.46
13-Apr-10,5681.98
14-Apr-10,5686.7
15-Apr-10,5658.82
16-Apr-10,5687.08
17-Apr-10,5142.21
18-Apr-10,5672.72
19-Apr-10,5678.38
20-Apr-10,5749.21
21-Apr-10,5695.53
22-Apr-10,5624.85
23-Apr-10,5536.04
24-Apr-10,5172.1
25-Apr-10,4942.69
26-Apr-10,3870.57
27-Apr-10,5623.21
28-Apr-10,4123.05
29-Apr-10,4823.42
30-Apr-10,5733.33
01-May-10,5736.7
02-May-10,5761.89
03-May-10,5785.52
04-May-10,4521.94
05-May-10,5643.9
06-May-10,5666.47
07-May-10,5674.68
08-May-10,5647.79
09-May-10,5627.98
10-May-10,5598.35
11-May-10,5589.45
12-May-10,5531.52
13-May-10,4899.47
14-May-10,5506.87
15-May-10,5520.92
16-May-10,5502.25
17-May-10,5501.22
18-May-10,5474.46
19-May-10,5423.14
20-May-10,5374.29
21-May-10,5333.04
22-May-10,5304.17
23-May-10,5308.73
24-May-10,5310.8
25-May-10,5304.9
26-May-10,5293.69
27-May-10,5175.97
28-May-10,4548
29-May-10,5234.73
30-May-10,4994.89
31-May-10,3125.11
01-Jun-10,3670.92
02-Jun-10,5117.95
03-Jun-10,5139.3
04-Jun-10,5158.19
05-Jun-10,5160.46
06-Jun-10,5144.35
07-Jun-10,5077.01
08-Jun-10,5060.72
09-Jun-10,5059.97
10-Jun-10,5054.01
11-Jun-10,5046.1
12-Jun-10,5021.01
13-Jun-10,5057.86
14-Jun-10,4989.38
15-Jun-10,4917.61
16-Jun-10,4839.55
17-Jun-10,4873.27
18-Jun-10,4860.12
19-Jun-10,3902.3
20-Jun-10,4794.86
21-Jun-10,4791.97
22-Jun-10,4757.45
23-Jun-10,4736.43
24-Jun-10,4736.43
25-Jun-10,4680.74
26-Jun-10,4676.8
27-Jun-10,4665.69
28-Jun-10,4652.57
29-Jun-10,4646.47
30-Jun-10,4637.7
01-Jul-10,4624.74
02-Jul-10,4555.3
03-Jul-10,4482.26
04-Jul-10,4441.51
05-Jul-10,4417.58
06-Jul-10,4418.9
07-Jul-10,4386.39
08-Jul-10,4371.9
09-Jul-10,4360.3
10-Jul-10,3332.7
11-Jul-10,4154.04
12-Jul-10,4303.03
13-Jul-10,4409.1
14-Jul-10,4409.81
15-Jul-10,4400.5
16-Jul-10,4395.94
17-Jul-10,4377.28
18-Jul-10,4358.33
19-Jul-10,4347.63
20-Jul-10,4347.71
21-Jul-10,4334.05
22-Jul-10,4314.06
23-Jul-10,4276.35
24-Jul-10,4248.78
25-Jul-10,4247.41
26-Jul-10,4227.78
27-Jul-10,4236.62
28-Jul-10,4228.19
29-Jul-10,4217.54
30-Jul-10,4210.06
31-Jul-10,4204.15
01-Aug-10,4194.74
02-Aug-10,4205.66
03-Aug-10,4202.45
04-Aug-10,4198.79
05-Aug-10,3637.24
06-Aug-10,4102.93
07-Aug-10,3474.46
08-Aug-10,4115.07
09-Aug-10,4137.28
10-Aug-10,4148.18
11-Aug-10,4153.05
12-Aug-10,4145.24
13-Aug-10,4146.36
14-Aug-10,4147.36
15-Aug-10,4007.25
16-Aug-10,
17-Aug-10,0
18-Aug-10,
19-Aug-10,
20-Aug-10,0
21-Aug-10,0
22-Aug-10,0
23-Aug-10,0
24-Aug-10,
25-Aug-10,0
26-Aug-10,0
27-Aug-10,0
28-Aug-10,0
29-Aug-10,2184.66
30-Aug-10,2778.3
31-Aug-10,2552.07
01-Sep-10,2512.3
02-Sep-10,4394.97
03-Sep-10,4254.89
04-Sep-10,4366.58
05-Sep-10,4300.94
06-Sep-10,4246.99
07-Sep-10,4270.96
08-Sep-10,4251.74
09-Sep-10,4287.77
10-Sep-10,4286.04
11-Sep-10,3948.21
12-Sep-10,2023.3
13-Sep-10,3101.6
14-Sep-10,2180.52
15-Sep-10,2055.21
16-Sep-10,2558.82
17-Sep-10,3983.68
18-Sep-10,2523.56
19-Sep-10,1870.38
20-Sep-10,2319.52
21-Sep-10,2689.42
22-Sep-10,3097.05
23-Sep-10,2758.98
24-Sep-10,4546.05
25-Sep-10,4913.05
26-Sep-10,4637.74
27-Sep-10,4928.19
28-Sep-10,4873.33
29-Sep-10,4870.07
30-Sep-10,1666.28
01-Oct-10,4202.12
02-Oct-10,4831.77
03-Oct-10,4698.81
04-Oct-10,4263.12
05-Oct-10,4042.38
06-Oct-10,4565.69
07-Oct-10,4452.29
08-Oct-10,3138.38
09-Oct-10,4353.15
10-Oct-10,4359.2
11-Oct-10,4327.36
12-Oct-10,4306.36
13-Oct-10,4282.82
14-Oct-10,4277.24
15-Oct-10,4262.9
16-Oct-10,4255.21
17-Oct-10,4243.42
18-Oct-10,4221.42
19-Oct-10,4188.63
20-Oct-10,4156.6
21-Oct-10,4138.99
22-Oct-10,4092.59
23-Oct-10,4099.47
24-Oct-10,4098.45
25-Oct-10,4064.14
26-Oct-10,4022.41
27-Oct-10,4009.43
28-Oct-10,4028.98
29-Oct-10,4014.51
30-Oct-10,4013.3
31-Oct-10,4174.75
01-Nov-10,3973.93
02-Nov-10,3932.45
03-Nov-10,3930.53
04-Nov-10,3933.25
05-Nov-10,3910.83
06-Nov-10,3892.35
07-Nov-10,3898.06
08-Nov-10,3156.11
09-Nov-10,3761.88
10-Nov-10,2929.7
11-Nov-10,3764.2
12-Nov-10,3760.56
13-Nov-10,3748.76
14-Nov-10,3698.57
15-Nov-10,455.59
16-Nov-10,2704.25
17-Nov-10,3165.29
18-Nov-10,3733.36
19-Nov-10,3731.49
20-Nov-10,3705.83
21-Nov-10,3729.78
22-Nov-10,3728.99
23-Nov-10,3724.72
24-Nov-10,3726.29
25-Nov-10,3717.77
26-Nov-10,3726.47
27-Nov-10,3727.04
28-Nov-10,3734.89
29-Nov-10,3711.75
30-Nov-10,3709.24
01-Dec-10,3690.76
02-Dec-10,3660.07
03-Dec-10,3651.87
04-Dec-10,3632.72
05-Dec-10,3601.81
06-Dec-10,3587.8
07-Dec-10,3575.6
08-Dec-10,3571.47
09-Dec-10,2973.17
10-Dec-10,3525.65
11-Dec-10,3527.64
12-Dec-10,3541.14
13-Dec-10,3546.95
14-Dec-10,3551.52
15-Dec-10,3518.8
16-Dec-10,3523.51
17-Dec-10,3515.4
18-Dec-10,3515.84
19-Dec-10,3496.63
20-Dec-10,3507.88
21-Dec-10,3530.25
22-Dec-10,3543.32
23-Dec-10,3603.87
24-Dec-10,3585.71
25-Dec-10,3563.26
26-Dec-10,3546.61
27-Dec-10,3531.14
28-Dec-10,3115.81
29-Dec-10,3393.36
30-Dec-10,3493.46
31-Dec-10,3481.17
01-Jan-11,3474.73
02-Jan-11,3472.34
03-Jan-11,3463.41
04-Jan-11,3460.93
05-Jan-11,3466.73
06-Jan-11,3463.26
07-Jan-11,3475.75
08-Jan-11,3474.28
09-Jan-11,3471.07
10-Jan-11,3435.95
11-Jan-11,3420.39
12-Jan-11,3483.32
13-Jan-11,3491.14
14-Jan-11,3481.21
15-Jan-11,3475.1
16-Jan-11,3468.15
17-Jan-11,3455.17
18-Jan-11,3440.52
19-Jan-11,3419.33
20-Jan-11,3375.31
21-Jan-11,3415.13
22-Jan-11,3405.9
23-Jan-11,3354.92
24-Jan-11,3358.03
25-Jan-11,3322.43
26-Jan-11,3328.41
27-Jan-11,3317.6
28-Jan-11,3326.4
29-Jan-11,3376.11
30-Jan-11,3374.42
31-Jan-11,3327.56
01-Feb-11,1984.74
02-Feb-11,
03-Feb-11,
04-Feb-11,
05-Feb-11,1322.59
06-Feb-11,2815.9
07-Feb-11,3275.67
08-Feb-11,3238.58
09-Feb-11,3238.67
10-Feb-11,3307.09
11-Feb-11,3308.74
12-Feb-11,3275.96
13-Feb-11,2460.29
14-Feb-11,1082.87
15-Feb-11,2334.48
16-Feb-11,3300.43
17-Feb-11,3270.34
18-Feb-11,3244.52
19-Feb-11,3233.42
20-Feb-11,3235.37
21-Feb-11,3235.77
22-Feb-11,3211.5
23-Feb-11,3200.23
24-Feb-11,3174.53
25-Feb-11,3153
26-Feb-11,3121
27-Feb-11,3106.29
28-Feb-11,3091.82
01-Mar-11,3105.08
02-Mar-11,3067.72
03-Mar-11,3042.51
04-Mar-11,3069.96
05-Mar-11,3042.98
06-Mar-11,3042.24
07-Mar-11,3027.96
08-Mar-11,3005.75
09-Mar-11,3004.08
10-Mar-11,3025.53
11-Mar-11,3053.24
12-Mar-11,3180.53
13-Mar-11,3223.35
14-Mar-11,3222.18
15-Mar-11,3215.58
16-Mar-11,3191.94
17-Mar-11,1319.74
18-Mar-11,3026
19-Mar-11,3130.1
20-Mar-11,3129.19
21-Mar-11,3129.86
22-Mar-11,3128.39
23-Mar-11,3117.98
24-Mar-11,3111.1
25-Mar-11,3108.17
26-Mar-11,3110.79
27-Mar-11,2974.24
28-Mar-11,3095.48
29-Mar-11,3082.12
30-Mar-11,3057.68
31-Mar-11,3063.54
01-Apr-11,3060
02-Apr-11,3045.61
03-Apr-11,3035.42
04-Apr-11,3028.26
05-Apr-11,2698.14
06-Apr-11,3011.24
07-Apr-11,3035.58
08-Apr-11,3033.19
09-Apr-11,3041.28
10-Apr-11,3035.18
11-Apr-11,3045.07
12-Apr-11,3046.99
13-Apr-11,2639.16
14-Apr-11,3030.66
15-Apr-11,3040.36
16-Apr-11,3034.13
17-Apr-11,3027.31
18-Apr-11,3010.14
19-Apr-11,3002.86
20-Apr-11,3000.97
21-Apr-11,2996.08
22-Apr-11,2990.89
23-Apr-11,2985.81
24-Apr-11,2986.11
25-Apr-11,2979.54
26-Apr-11,2969.83
27-Apr-11,2972.04
28-Apr-11,2955.64
29-Apr-11,2951.21
30-Apr-11,2945.26
01-May-11,2942.34
02-May-11,2939.72
03-May-11,2929.92
04-May-11,2941.62
05-May-11,2934.15
06-May-11,2927.86
07-May-11,2926.42
08-May-11,2928.18
09-May-11,2915.43
10-May-11,2911.48
11-May-11,2631.41
12-May-11,2836.26
13-May-11,2857.14
14-May-11,2859.75
15-May-11,2862.86
16-May-11,2864.47
17-May-11,2861.77
18-May-11,2849.59
19-May-11,2232.04
20-May-11,2762.7
21-May-11,2886.88
22-May-11,2866.62
23-May-11,2857.48
24-May-11,2867.42
25-May-11,2871.18
26-May-11,2855.47
27-May-11,2850.68
28-May-11,2848.07
29-May-11,2839.37
30-May-11,2836.9
31-May-11,2831.15
01-Jun-11,2838.45
02-Jun-11,2236.25
03-Jun-11,2645.66
04-Jun-11,2720.83
05-Jun-11,2740.14
06-Jun-11,2751.32
07-Jun-11,2749.59
08-Jun-11,2738.45
09-Jun-11,2748.71
10-Jun-11,2750.5
11-Jun-11,2751.89
12-Jun-11,2767.63
13-Jun-11,2775.44
14-Jun-11,2766.92
15-Jun-11,2760.1
16-Jun-11,2671.3
17-Jun-11,2701.7
18-Jun-11,2761.42
19-Jun-11,2760.44
20-Jun-11,1583.83
21-Jun-11,
22-Jun-11,
23-Jun-11,
24-Jun-11,0
25-Jun-11,
26-Jun-11,
27-Jun-11,
28-Jun-11,0
29-Jun-11,
30-Jun-11,
01-Jul-11,2254.84
02-Jul-11,943.39
03-Jul-11,664.16
04-Jul-11,1118.14
05-Jul-11,0
06-Jul-11,
07-Jul-11,701.5
08-Jul-11,2185.35
09-Jul-11,19.48
10-Jul-11,2618.9
11-Jul-11,2587.83
12-Jul-11,
13-Jul-11,0
14-Jul-11,0
15-Jul-11,250.7
16-Jul-11,1361.84
17-Jul-11,0
18-Jul-11,0
19-Jul-11,
20-Jul-11,2998.87
21-Jul-11,3544.44
22-Jul-11,1099.34
23-Jul-11,0
24-Jul-11,0
25-Jul-11,2341.28
26-Jul-11,3187.09
27-Jul-11,0
28-Jul-11,811.84
29-Jul-11,3604.31
30-Jul-11,380.43
31-Jul-11,0
01-Aug-11,0
02-Aug-11,0
03-Aug-11,0
04-Aug-11,1090.5
05-Aug-11,3846.05
06-Aug-11,3372.76
07-Aug-11,3737.98
08-Aug-11,3631.74
09-Aug-11,3560.04
10-Aug-11,3484.03
11-Aug-11,3419.27
12-Aug-11,3370.28
13-Aug-11,3316.39
14-Aug-11,3269.08
15-Aug-11,3229.03
16-Aug-11,3162.54
17-Aug-11,3113.2
18-Aug-11,3090.87
19-Aug-11,3071.42
20-Aug-11,3043.12
21-Aug-11,3014.67
22-Aug-11,2992.1
23-Aug-11,2982.54
24-Aug-11,2943.61
25-Aug-11,2789.54
26-Aug-11,2293.88
27-Aug-11,2818.63
28-Aug-11,2831.64
29-Aug-11,2857.54
30-Aug-11,2895.13
31-Aug-11,2882.85
01-Sep-11,2871.5
02-Sep-11,2869.41
03-Sep-11,2864.31
04-Sep-11,2861.12
05-Sep-11,2861.89
06-Sep-11,2855.35
07-Sep-11,2850.96
08-Sep-11,2840.75
09-Sep-11,2833.69
10-Sep-11,2814.73
11-Sep-11,2804.39
12-Sep-11,2814.44
13-Sep-11,1281.54
14-Sep-11,2632.6
15-Sep-11,2697.47
16-Sep-11,2697.62
17-Sep-11,2703.69
18-Sep-11,2711.66
19-Sep-11,2727.6
20-Sep-11,2730.81
21-Sep-11,2692.84
22-Sep-11,2693.84
23-Sep-11,2694.57
24-Sep-11,2677.39
25-Sep-11,2673.55
26-Sep-11,2671.83
27-Sep-11,2663.29
28-Sep-11,2657.83
29-Sep-11,2654.75
30-Sep-11,2646.88
01-Oct-11,2637.41
02-Oct-11,2631.99
03-Oct-11,2631.73
04-Oct-11,2621.09
05-Oct-11,2615.43
06-Oct-11,2611.55
07-Oct-11,1568.88
08-Oct-11,1031.84
09-Oct-11,2438.52
10-Oct-11,2447.61
11-Oct-11,2481.18
12-Oct-11,2510.54
13-Oct-11,2534.74
14-Oct-11,1872.89
15-Oct-11,1819.33
16-Oct-11,
17-Oct-11,
18-Oct-11,
19-Oct-11,0
20-Oct-11,0
21-Oct-11,0
22-Oct-11,0
23-Oct-11,0
24-Oct-11,0
25-Oct-11,
26-Oct-11,0
27-Oct-11,0
28-Oct-11,0
29-Oct-11,0
30-Oct-11,0
31-Oct-11,0
01-Nov-11,0
02-Nov-11,0
03-Nov-11,0
04-Nov-11,0
05-Nov-11,725.21
06-Nov-11,2881.32
07-Nov-11,2981.21
08-Nov-11,3040.69
09-Nov-11,3079.97
10-Nov-11,3140.63
11-Nov-11,1688.75
12-Nov-11,1495.36
13-Nov-11,3116.01
14-Nov-11,3112.54
15-Nov-11,3085.49
16-Nov-11,3056.33
17-Nov-11,3037.56
18-Nov-11,3010.92
19-Nov-11,2981.34
20-Nov-11,2950.24
21-Nov-11,2920.57
22-Nov-11,2890.95
23-Nov-11,2857.51
24-Nov-11,2741.06
25-Nov-11,
26-Nov-11,
27-Nov-11,
28-Nov-11,2039.28
29-Nov-11,
30-Nov-11,
01-Dec-11,
02-Dec-11,2128.53
03-Dec-11,
04-Dec-11,
05-Dec-11,1909.5
06-Dec-11,636.7
07-Dec-11,2135.41
08-Dec-11,1872.26
09-Dec-11,
10-Dec-11,566.61
11-Dec-11,3002.63
12-Dec-11,2994.87
13-Dec-11,571.4
14-Dec-11,
15-Dec-11,2910.33
16-Dec-11,3000.73
17-Dec-11,2798.75
18-Dec-11,1763.96
19-Dec-11,3022.79
20-Dec-11,2999.33
21-Dec-11,2969.53
22-Dec-11,2943.72
23-Dec-11,2925.13
24-Dec-11,2330.48
25-Dec-11,
26-Dec-11,0
27-Dec-11,1595.41
28-Dec-11,1382.3
29-Dec-11,159.07
30-Dec-11,2774.42
31-Dec-11,2862.74
01-Jan-12,2844.19
02-Jan-12,2795.93
03-Jan-12,
04-Jan-12,
05-Jan-12,
06-Jan-12,
07-Jan-12,
08-Jan-12,
09-Jan-12,
10-Jan-12,
11-Jan-12,
12-Jan-12,
13-Jan-12,
14-Jan-12,184.11
15-Jan-12,3114.04
16-Jan-12,3159.67
17-Jan-12,3089.05
18-Jan-12,3132.32
19-Jan-12,3169.34
20-Jan-12,3133.92
21-Jan-12,1738.96
22-Jan-12,1981.79
23-Jan-12,2965.75
24-Jan-12,2947.97
25-Jan-12,2140.63
26-Jan-12,
27-Jan-12,1427.71
28-Jan-12,2808.93
29-Jan-12,1342.65
30-Jan-12,1180.72
31-Jan-12,2369.4
01-Feb-12,2490.41
02-Feb-12,2388.66
03-Feb-12,2356.82
04-Feb-12,2303.63
05-Feb-12,2254.96
06-Feb-12,2273.46
07-Feb-12,2297.93
08-Feb-12,2299.21
09-Feb-12,1736.55
10-Feb-12,2045.32
11-Feb-12,2226.11
12-Feb-12,2259.31
13-Feb-12,2255.7
14-Feb-12,2248.74
15-Feb-12,2239.21
16-Feb-12,2239.76
17-Feb-12,2222.57
18-Feb-12,2203.73
19-Feb-12,2182.7
20-Feb-12,2178.71
21-Feb-12,2168.68
22-Feb-12,2170.94
23-Feb-12,2168.46
24-Feb-12,2164.92
25-Feb-12,2164.45
26-Feb-12,2160.47
27-Feb-12,2156.44
28-Feb-12,2154.94
29-Feb-12,2147.13
01-Mar-12,2135.11
02-Mar-12,2139.99
03-Mar-12,2128.96
04-Mar-12,2134.11
05-Mar-12,2131.09
06-Mar-12,2126.61
07-Mar-12,2129.02
08-Mar-12,2120.17
09-Mar-12,2115.95
10-Mar-12,2115.33
11-Mar-12,2102.09
12-Mar-12,2103.71
13-Mar-12,1817.52
14-Mar-12,2076.95
15-Mar-12,1835.75
16-Mar-12,2044.61
17-Mar-12,2065.08
18-Mar-12,2070.46
19-Mar-12,2080.03
20-Mar-12,2090.29
21-Mar-12,2096.48
22-Mar-12,2101.8
23-Mar-12,1837.66
24-Mar-12,1207.6
25-Mar-12,1177.39
26-Mar-12,1246.74
27-Mar-12,1628.98
28-Mar-12,2148.44
29-Mar-12,2142.82
30-Mar-12,2137.96
31-Mar-12,2136.77
01-Apr-12,2134.87
02-Apr-12,2138.43
03-Apr-12,2142.82
04-Apr-12,2136.3
05-Apr-12,2132.76
06-Apr-12,2124.4
07-Apr-12,2116.05
08-Apr-12,2099.97
09-Apr-12,2095.2
10-Apr-12,2082.24
11-Apr-12,2072.45
12-Apr-12,2061.18
13-Apr-12,2050.18
14-Apr-12,2041.17
15-Apr-12,2027.83
16-Apr-12,2023.43
17-Apr-12,2015.65
18-Apr-12,1990.95
19-Apr-12,1987.83
20-Apr-12,1984.24
21-Apr-12,2012.47
22-Apr-12,2013.86
23-Apr-12,2001.25
24-Apr-12,1997.05
25-Apr-12,1995.7
26-Apr-12,1989.46
27-Apr-12,1976.84
28-Apr-12,1602.3
29-Apr-12,1737.79
30-Apr-12,1813.47
01-May-12,1844.03
02-May-12,1851.7
03-May-12,1867.14
04-May-12,1878.87
05-May-12,1883.61
06-May-12,1888.52
07-May-12,1895.21
08-May-12,1912.02
09-May-12,1911.88
10-May-12,1905.59
11-May-12,1902.85
12-May-12,1894.2
13-May-12,1894.32
14-May-12,1893.88
15-May-12,1888.91
16-May-12,1884.86
17-May-12,1888.39
18-May-12,1888.39
19-May-12,1891.35
20-May-12,1887.27
21-May-12,1888.19
22-May-12,1334.22
23-May-12,1751.69
24-May-12,1798.87
25-May-12,1811.51
26-May-12,1828.64
27-May-12,1846.74
28-May-12,1862.79
29-May-12,1870.7
30-May-12,1859.85
31-May-12,1860.92
01-Jun-12,1859.79
02-Jun-12,1856.87
03-Jun-12,1847.81
04-Jun-12,1845.13
05-Jun-12,1838.56
06-Jun-12,1847.14
07-Jun-12,1847.97
08-Jun-12,1841.39
09-Jun-12,1840.58
10-Jun-12,1848.38
11-Jun-12,1822.33
12-Jun-12,1838.12
13-Jun-12,1567.5
14-Jun-12,1769.58
15-Jun-12,1792.11
16-Jun-12,1806.87
17-Jun-12,1813.19
18-Jun-12,1810.25
19-Jun-12,1813.86
20-Jun-12,1009.66
21-Jun-12,1586.53
22-Jun-12,1663.36
23-Jun-12,1696.57
24-Jun-12,1709.27
25-Jun-12,1716.66
26-Jun-12,1716.66
27-Jun-12,1726.83
28-Jun-12,1734.93
29-Jun-12,1742.25
30-Jun-12,1742.78
01-Jul-12,1756.37
02-Jul-12,1752.9
03-Jul-12,1751.61
04-Jul-12,1750.62
05-Jul-12,1751.4
06-Jul-12,1750.62
07-Jul-12,1755.87
08-Jul-12,1752.37
09-Jul-12,1744.78
10-Jul-12,1739.72
11-Jul-12,1739.48
12-Jul-12,1744.51
13-Jul-12,1751.34
14-Jul-12,1748.89
15-Jul-12,1748.54
16-Jul-12,1749.08
17-Jul-12,1750.12
18-Jul-12,1748.97
19-Jul-12,1751.32
20-Jul-12,1747.79
21-Jul-12,1747.56
22-Jul-12,1745.15
23-Jul-12,1748.63
24-Jul-12,1749.28
25-Jul-12,1744.69
26-Jul-12,1743.63
27-Jul-12,1737.7
28-Jul-12,1732.03
29-Jul-12,1738.37
30-Jul-12,1742.68
31-Jul-12,1751.62
01-Aug-12,1746.11
02-Aug-12,1742.75
03-Aug-12,1740.47
04-Aug-12,1729.67
05-Aug-12,1721.62
06-Aug-12,1733.89
07-Aug-12,1738.43
08-Aug-12,1738.43
09-Aug-12,1730.83
10-Aug-12,1740.86
11-Aug-12,1748.88
12-Aug-12,1740.65
13-Aug-12,835.49
14-Aug-12,
15-Aug-12,0
16-Aug-12,0
17-Aug-12,0
18-Aug-12,
19-Aug-12,0
20-Aug-12,0
21-Aug-12,0
22-Aug-12,0
23-Aug-12,0
24-Aug-12,0
25-Aug-12,0
26-Aug-12,0
27-Aug-12,0
28-Aug-12,0
29-Aug-12,0
30-Aug-12,0
31-Aug-12,0
01-Sep-12,0
02-Sep-12,0
03-Sep-12,0
04-Sep-12,
05-Sep-12,
06-Sep-12,
07-Sep-12,0
08-Sep-12,
09-Sep-12,
10-Sep-12,
11-Sep-12,0
12-Sep-12,
13-Sep-12,
14-Sep-12,
15-Sep-12,0
16-Sep-12,0
17-Sep-12,0
18-Sep-12,
19-Sep-12,0
20-Sep-12,
21-Sep-12,0
22-Sep-12,
23-Sep-12,0
24-Sep-12,
25-Sep-12,0
26-Sep-12,0
27-Sep-12,0
28-Sep-12,
29-Sep-12,610.12
30-Sep-12,2058.89
01-Oct-12,1995.47
02-Oct-12,2150.19
03-Oct-12,2204.56
04-Oct-12,2287.81
05-Oct-12,2334.28
06-Oct-12,2326.84
07-Oct-12,2305.71
08-Oct-12,2296.01
09-Oct-12,2264.34
10-Oct-12,2247.22
11-Oct-12,2283.03
12-Oct-12,2287.47
13-Oct-12,1211.56
14-Oct-12,607.37
15-Oct-12,
16-Oct-12,
17-Oct-12,
18-Oct-12,
19-Oct-12,370.06
20-Oct-12,1949.4
21-Oct-12,2015.7
22-Oct-12,2084.11
23-Oct-12,2081.54
24-Oct-12,2091.44
25-Oct-12,2069.76
26-Oct-12,2045.21
27-Oct-12,2044.87
28-Oct-12,2104.12
29-Oct-12,1996.8
30-Oct-12,1960.81
31-Oct-12,1941.19
01-Nov-12,1928.03
02-Nov-12,1901.81
03-Nov-12,1890.29
04-Nov-12,1877.21
05-Nov-12,1852.52
06-Nov-12,1819.09
07-Nov-12,1825.74
08-Nov-12,1832.66
09-Nov-12,1811.36
10-Nov-12,1798.45
11-Nov-12,1794.53
12-Nov-12,1801.05
13-Nov-12,1802.64
14-Nov-12,1803.29
15-Nov-12,1806.05
16-Nov-12,1811.62
17-Nov-12,1801.33
18-Nov-12,1795.16
19-Nov-12,1788.94
20-Nov-12,1784.8
21-Nov-12,1784.9
22-Nov-12,1769.81
23-Nov-12,1763.98
24-Nov-12,1757.66
25-Nov-12,1749.48
26-Nov-12,1749.75
27-Nov-12,1736.25
28-Nov-12,1717.47
29-Nov-12,1704.32
30-Nov-12,1690.35
01-Dec-12,1680.29
02-Dec-12,1669.33
03-Dec-12,1654.49
04-Dec-12,1657.87
05-Dec-12,1653.83
06-Dec-12,1658.65
07-Dec-12,1660.43
08-Dec-12,1654.53
09-Dec-12,1651.53
10-Dec-12,1651.81
11-Dec-12,1399.28
12-Dec-12,735.34
13-Dec-12,556.15
14-Dec-12,1405.08
15-Dec-12,699.84
16-Dec-12,1517.89
17-Dec-12,1539.73
18-Dec-12,1546.25
19-Dec-12,1557.05
20-Dec-12,1567.23
21-Dec-12,1569.21
22-Dec-12,1575.01
23-Dec-12,1575.61
24-Dec-12,1577.96
25-Dec-12,1584.93
26-Dec-12,1580.14
27-Dec-12,1577.59
28-Dec-12,1570.89
29-Dec-12,1576.93
30-Dec-12,1569.63
31-Dec-12,1569.04
01-Jan-13,1561.48
02-Jan-13,1523.69
03-Jan-13,1573.72
04-Jan-13,1569.38
05-Jan-13,1574.05
06-Jan-13,1559.66
07-Jan-13,1568.92
08-Jan-13,1568.39
09-Jan-13,1575.96
10-Jan-13,1570.1
11-Jan-13,1532.69
12-Jan-13,1553.83
13-Jan-13,1547.48
14-Jan-13,1551.14
15-Jan-13,1523.33
16-Jan-13,1534.7
17-Jan-13,1454.53
18-Jan-13,1481.24
19-Jan-13,1516.22
20-Jan-13,1512
21-Jan-13,1509.73
22-Jan-13,1519.89
23-Jan-13,1524.32
24-Jan-13,1526.17
25-Jan-13,1526.01
26-Jan-13,1519.79
27-Jan-13,1516.89
28-Jan-13,1519.55
29-Jan-13,1518.97
30-Jan-13,1525.14
31-Jan-13,1534.4
01-Feb-13,1529.99
02-Feb-13,1512.83
03-Feb-13,1515.17
04-Feb-13,1515.45
05-Feb-13,1510.42
06-Feb-13,1505.06
07-Feb-13,1568.38
08-Feb-13,1527.05
09-Feb-13,1526.6
10-Feb-13,1508.47
11-Feb-13,1505.82
12-Feb-13,1500.67
13-Feb-13,1489.11
14-Feb-13,1484.46
15-Feb-13,1493.22
16-Feb-13,1505.34
17-Feb-13,1501.96
18-Feb-13,1509.76
19-Feb-13,1492.7
20-Feb-13,1424.34
21-Feb-13,1496.1
22-Feb-13,1216.97
23-Feb-13,1453.82
24-Feb-13,1472.42
25-Feb-13,1483.63
26-Feb-13,1485.07
27-Feb-13,1475.38
28-Feb-13,1472.72
01-Mar-13,1460.24
02-Mar-13,1466.52
03-Mar-13,1461.1
04-Mar-13,1465.89
05-Mar-13,1467.48
06-Mar-13,1443.69
07-Mar-13,110.73
08-Mar-13,
09-Mar-13,
10-Mar-13,282.68
11-Mar-13,758.09
12-Mar-13,
13-Mar-13,539.62
14-Mar-13,536.71
15-Mar-13,504.17
16-Mar-13,446.39
17-Mar-13,294.09
18-Mar-13,923.35
19-Mar-13,927.57
20-Mar-13,89.54
21-Mar-13,0
22-Mar-13,613.22
23-Mar-13,991.44
24-Mar-13,953.7
25-Mar-13,574.45
26-Mar-13,1378.84
27-Mar-13,1433.44
28-Mar-13,850.28
29-Mar-13,1183.83
30-Mar-13,1510.99
31-Mar-13,1454.28
01-Apr-13,1373.55
02-Apr-13,
03-Apr-13,473.81
04-Apr-13,982.1
05-Apr-13,527.29
06-Apr-13,
07-Apr-13,
08-Apr-13,
09-Apr-13,0
10-Apr-13,217.1
11-Apr-13,1487.69
12-Apr-13,1534.68
13-Apr-13,1590.28
14-Apr-13,1629.09
15-Apr-13,1637.23
16-Apr-13,1388.11
17-Apr-13,1661.68
18-Apr-13,1656.59
19-Apr-13,1639.77
20-Apr-13,1647.88
21-Apr-13,1639.03
22-Apr-13,1626.54
23-Apr-13,1616.05
24-Apr-13,1593.66
25-Apr-13,1586.11
26-Apr-13,1581.22
27-Apr-13,1567.12
28-Apr-13,1584.66
29-Apr-13,1526.06
30-Apr-13,1459.46
01-May-13,1510.21
02-May-13,1512.11
03-May-13,1510.28
04-May-13,1507.15
05-May-13,1515.52
06-May-13,1510.15
07-May-13,1503.3
08-May-13,1495.49
09-May-13,1498.97
10-May-13,1491.91
11-May-13,1492.84
12-May-13,1491.73
13-May-13,1489.16
14-May-13,934.86
15-May-13,1242.7
16-May-13,1386.05
17-May-13,1097.42
18-May-13,1392.64
19-May-13,1416.15
20-May-13,1432.5
21-May-13,1435.31
22-May-13,1446.21
23-May-13,1422.05
24-May-13,1418.13
25-May-13,1399.97
26-May-13,1402.87
27-May-13,1400.42
28-May-13,1402.2
29-May-13,1361.72
30-May-13,1426.66
31-May-13,1428.25
01-Jun-13,1430.63
02-Jun-13,1433.4
03-Jun-13,1437.84
04-Jun-13,1407.83
05-Jun-13,1372.65
06-Jun-13,1377.76
07-Jun-13,1397.15
08-Jun-13,1380.24
09-Jun-13,1283.78
10-Jun-13,1207.98
11-Jun-13,1319.96
12-Jun-13,1333.48
13-Jun-13,1355.24
14-Jun-13,1363.65
15-Jun-13,1362.69
16-Jun-13,1377.39
17-Jun-13,1403.21
18-Jun-13,1405.14
19-Jun-13,1407.16
20-Jun-13,1402.27
21-Jun-13,1260.47
22-Jun-13,421.26
23-Jun-13,75.58
24-Jun-13,
25-Jun-13,
26-Jun-13,873.88
27-Jun-13,566.52
28-Jun-13,907
29-Jun-13,1314.51
30-Jun-13,1319.16
01-Jul-13,1348.09
02-Jul-13,1382.17
03-Jul-13,1385.23
04-Jul-13,1400.86
05-Jul-13,1426.55
06-Jul-13,621.72
07-Jul-13,1089.34
08-Jul-13,1363.81
09-Jul-13,1341.3
10-Jul-13,1388.13
11-Jul-13,1254.6
12-Jul-13,1396.14
13-Jul-13,1376.5
14-Jul-13,1380.88
15-Jul-13,1419.37
16-Jul-13,1403.02
17-Jul-13,1396.79
18-Jul-13,1394.84
19-Jul-13,1386.4
20-Jul-13,1387.78
21-Jul-13,1384.01
22-Jul-13,137.01
23-Jul-13,745.71
24-Jul-13,794.23
25-Jul-13,1636.8
26-Jul-13,1884.94
27-Jul-13,2103.31
28-Jul-13,77.99
29-Jul-13,255.29
30-Jul-13,2250.3
31-Jul-13,574.38
01-Aug-13,0
02-Aug-13,0
03-Aug-13,1221.77
04-Aug-13,2324.59
05-Aug-13,2362.89
06-Aug-13,2387.94
07-Aug-13,2406.12
08-Aug-13,2389.7
09-Aug-13,2389.18
10-Aug-13,2387.85
11-Aug-13,2350.78
12-Aug-13,2323.97
13-Aug-13,2347.64
14-Aug-13,2347.28
15-Aug-13,2338.64
16-Aug-13,2393.75
17-Aug-13,2386.24
18-Aug-13,2343.57
19-Aug-13,2394.78
20-Aug-13,2352.35
21-Aug-13,2353.7
22-Aug-13,2349.35
23-Aug-13,2331.06
24-Aug-13,2318.35
25-Aug-13,2311.64
26-Aug-13,2303.02
27-Aug-13,2076.29
28-Aug-13,1189.37
29-Aug-13,1195.65
30-Aug-13,1211.52
31-Aug-13,1221.16
01-Sep-13,1221.93
02-Sep-13,1284.36
03-Sep-13,2220.3
04-Sep-13,2257.12
05-Sep-13,2204.59
06-Sep-13,2184.86
07-Sep-13,2174.05
08-Sep-13,2157.87
09-Sep-13,2133.01
10-Sep-13,2121.8
11-Sep-13,2090.31
12-Sep-13,1601.22
13-Sep-13,218.49
14-Sep-13,395.43
15-Sep-13,1962.63
16-Sep-13,1823.98
17-Sep-13,2164.51
18-Sep-13,956.5
19-Sep-13,
20-Sep-13,1154.05
21-Sep-13,1088.67
22-Sep-13,1992.49
23-Sep-13,2193.2
24-Sep-13,2207.27
25-Sep-13,2177.34
26-Sep-13,2198.34
27-Sep-13,855.55
28-Sep-13,1385.64
29-Sep-13,2191.52
30-Sep-13,2252.3
01-Oct-13,2252.67
02-Oct-13,2255.43
03-Oct-13,2246.38
04-Oct-13,2241.63
05-Oct-13,2246.47
06-Oct-13,2273.37
07-Oct-13,2263.62
08-Oct-13,2256.69
09-Oct-13,2251.33
10-Oct-13,2268.88
11-Oct-13,1130.23
12-Oct-13,507.3
13-Oct-13,2072.98
14-Oct-13,2134.14
15-Oct-13,2162.57
16-Oct-13,2161.15
17-Oct-13,2179.03
18-Oct-13,2186.02
19-Oct-13,2184.05
20-Oct-13,2189.63
21-Oct-13,2179.44
22-Oct-13,2192.41
23-Oct-13,2194.51
24-Oct-13,2223.91
25-Oct-13,2222.8
26-Oct-13,2208.1
27-Oct-13,2175.94
28-Oct-13,392.07
29-Oct-13,738.4
30-Oct-13,761.75
31-Oct-13,2107.72
01-Nov-13,2171.14
02-Nov-13,1553.11
03-Nov-13,983.5
04-Nov-13,1777.19
05-Nov-13,1859.6
06-Nov-13,1775.55
07-Nov-13,1936.67
08-Nov-13,2117.1
09-Nov-13,2092.93
10-Nov-13,2116.96
11-Nov-13,2158.89
12-Nov-13,2148.51
13-Nov-13,2121.17
14-Nov-13,2144.58
15-Nov-13,2164.01
16-Nov-13,2187.19
17-Nov-13,2130.28
18-Nov-13,2128.44
19-Nov-13,2100.59
20-Nov-13,2202.2
21-Nov-13,2225.36
22-Nov-13,2206.16
23-Nov-13,2195.81
24-Nov-13,2204.42
25-Nov-13,2199.39
26-Nov-13,2176.01
27-Nov-13,2175.95
28-Nov-13,2165.86
29-Nov-13,2162.9
30-Nov-13,2224.1
01-Dec-13,2246.49
02-Dec-13,2252.27
03-Dec-13,2238.24
04-Dec-13,2235.23
05-Dec-13,2180.32
06-Dec-13,1033.57
07-Dec-13,1995.93
08-Dec-13,2041.06
09-Dec-13,1004.06
10-Dec-13,972.29
11-Dec-13,62.69
12-Dec-13,1362.49
13-Dec-13,611.38
14-Dec-13,1699.2
15-Dec-13,1847.67
16-Dec-13,2109.27
17-Dec-13,2209.41
18-Dec-13,2215.69
19-Dec-13,2209.94
20-Dec-13,1456.32
21-Dec-13,1998.73
22-Dec-13,2177.27
23-Dec-13,2203.78
24-Dec-13,2235.17
25-Dec-13,2251.28
26-Dec-13,1909.36
27-Dec-13,1065.57
28-Dec-13,2102.83
29-Dec-13,2142.12
30-Dec-13,2169.43
31-Dec-13,1742.18
01-Jan-14,2079.75
02-Jan-14,2234.11
03-Jan-14,2149.01
04-Jan-14,1283.05
05-Jan-14,371.58
06-Jan-14,1893.51
07-Jan-14,2093.35
08-Jan-14,2147.76
09-Jan-14,2148.76
10-Jan-14,2162.66
11-Jan-14,2184.43
12-Jan-14,2178.24
13-Jan-14,2199.06
14-Jan-14,2199
15-Jan-14,2088.35
16-Jan-14,2409.26
17-Jan-14,2671.46
18-Jan-14,2472.93
19-Jan-14,2297.61
20-Jan-14,2286.06
21-Jan-14,2295.33
22-Jan-14,2388.85
23-Jan-14,2406.4
24-Jan-14,2324.42
25-Jan-14,1861.38
26-Jan-14,2173.18
27-Jan-14,2169.53
28-Jan-14,2190.78
29-Jan-14,718.89
30-Jan-14,
31-Jan-14,1832.12
01-Feb-14,2344.83
02-Feb-14,2491.17
03-Feb-14,2520.49
04-Feb-14,2515.38
05-Feb-14,2497.4
06-Feb-14,779.22
07-Feb-14,
08-Feb-14,1066.37
09-Feb-14,2348.58
10-Feb-14,777.43
11-Feb-14,571.03
12-Feb-14,1948.61
13-Feb-14,2425.01
14-Feb-14,2459.15
15-Feb-14,2377.57
16-Feb-14,2421.8
17-Feb-14,2383.68
18-Feb-14,1304.82
19-Feb-14,2246.9
20-Feb-14,2409.87
21-Feb-14,2411.82
22-Feb-14,2414.56
23-Feb-14,2399.16
24-Feb-14,2397.19
25-Feb-14,2377.88
26-Feb-14,2373.18
27-Feb-14,2346.5
28-Feb-14,2346.5
01-Mar-14,2294.74
02-Mar-14,2304.27
03-Mar-14,2322.73
04-Mar-14,2290.85
05-Mar-14,2286.88
06-Mar-14,2302.14
07-Mar-14,2304.68
08-Mar-14,2411.33
09-Mar-14,2388.35
10-Mar-14,2380.54
11-Mar-14,2379.58
12-Mar-14,2354.55
13-Mar-14,2373.82
14-Mar-14,2363.69
15-Mar-14,2377.23
16-Mar-14,2346.48
17-Mar-14,2352.39
18-Mar-14,2302.48
19-Mar-14,2263.57
20-Mar-14,2322.72
21-Mar-14,2317.04
22-Mar-14,1249.13
23-Mar-14,1861.42
24-Mar-14,466.76
25-Mar-14,456.57
26-Mar-14,2001.52
27-Mar-14,949.48
28-Mar-14,896.23
29-Mar-14,792.12
30-Mar-14,2176.62
31-Mar-14,2272.85
01-Apr-14,2279.07
02-Apr-14,2282.95
03-Apr-14,2290.61
04-Apr-14,2274.17
05-Apr-14,2281.6
06-Apr-14,1681.7
07-Apr-14,701.37
08-Apr-14,2023.71
09-Apr-14,2250.04
10-Apr-14,1702
11-Apr-14,2309.55
12-Apr-14,2302.25
13-Apr-14,2284.87
14-Apr-14,2292.63
15-Apr-14,2293.1
16-Apr-14,2284.04
17-Apr-14,2314.23
18-Apr-14,2293.08
19-Apr-14,2325.1
20-Apr-14,2320.37
21-Apr-14,2255.11
22-Apr-14,2768.82
23-Apr-14,3395.85
24-Apr-14,3490.79
25-Apr-14,3543.18
26-Apr-14,3627.52
27-Apr-14,3657.15
28-Apr-14,3682.43
29-Apr-14,3542.29
30-Apr-14,3449.17
01-May-14,3518.87
02-May-14,3375.94
03-May-14,3334.23
04-May-14,3254.38
05-May-14,3266.97
06-May-14,3281.75
07-May-14,3188.86
08-May-14,2700.81
09-May-14,1018.87
10-May-14,2511.4
11-May-14,2730.1
12-May-14,2738.63
13-May-14,2731.6
14-May-14,2727.66
15-May-14,2526.76
16-May-14,2465.85
17-May-14,2537.05
18-May-14,2576.85
19-May-14,2531.48
20-May-14,2498.94
21-May-14,2471.25
22-May-14,2474.19
23-May-14,2498.91
24-May-14,2518.7
25-May-14,2542.38
26-May-14,2573.12
27-May-14,2594.21
28-May-14,2618.64
29-May-14,2637.78
30-May-14,2665.06
31-May-14,2715.92
01-Jun-14,2748
02-Jun-14,2269.26
03-Jun-14,2670.48
04-Jun-14,2669.21
05-Jun-14,2760.95
06-Jun-14,2776.74
07-Jun-14,2806.17
08-Jun-14,2802.54
09-Jun-14,2617.87
10-Jun-14,2748.5
11-Jun-14,2831.33
12-Jun-14,2891.17
13-Jun-14,2872.25
14-Jun-14,2805.68
15-Jun-14,2813.92
16-Jun-14,2804.44
17-Jun-14,2793.17
18-Jun-14,2787.66
19-Jun-14,2757.76
20-Jun-14,2752.05
21-Jun-14,2742.37
22-Jun-14,2719.33
23-Jun-14,2678.75
24-Jun-14,2682.51
25-Jun-14,2666.44
26-Jun-14,1462.05
27-Jun-14,2058.78
28-Jun-14,2515.51
29-Jun-14,2519.16
30-Jun-14,2514.09
01-Jul-14,2525.39
02-Jul-14,2525.95
03-Jul-14,2528.86
04-Jul-14,2522.33
05-Jul-14,2517.13
06-Jul-14,2507.14
07-Jul-14,2492.91
08-Jul-14,2492.91
09-Jul-14,2485.98
10-Jul-14,2475.92
11-Jul-14,2475.5
12-Jul-14,2472.72
13-Jul-14,2450.61
14-Jul-14,2431.08
15-Jul-14,2460.09
16-Jul-14,2437.24
17-Jul-14,2425.45
18-Jul-14,2408.05
19-Jul-14,2404.64
20-Jul-14,2082.19
21-Jul-14,2274.85
22-Jul-14,2376.03
23-Jul-14,2355.12
24-Jul-14,2379.16
25-Jul-14,2379.21
26-Jul-14,2354.77
27-Jul-14,2372.35
28-Jul-14,2359.19
29-Jul-14,2369.5
30-Jul-14,2274.29
31-Jul-14,2364.69
01-Aug-14,2383.64
02-Aug-14,2386.17
03-Aug-14,2374.49
04-Aug-14,2446.36
05-Aug-14,2466.31
06-Aug-14,2441.75
07-Aug-14,2400.25
08-Aug-14,2390.02
09-Aug-14,2357.52
10-Aug-14,2353.39
11-Aug-14,2261.35
12-Aug-14,2212.01
13-Aug-14,2209.93
14-Aug-14,2235.53
15-Aug-14,2242.15
16-Aug-14,2231.93
17-Aug-14,2234.52
18-Aug-14,2222.89
19-Aug-14,116.78
20-Aug-14,0
21-Aug-14,0
22-Aug-14,0
23-Aug-14,0
24-Aug-14,0
25-Aug-14,1005.08
26-Aug-14,1103.23
27-Aug-14,1064.63
28-Aug-14,1069.95
29-Aug-14,1084.75
30-Aug-14,1039.88
31-Aug-14,1041.07
01-Sep-14,1048.07
02-Sep-14,1270.41
03-Sep-14,1948.94
04-Sep-14,2324.84
05-Sep-14,2405.17
06-Sep-14,2380.7
07-Sep-14,2361.84
08-Sep-14,2349.18
09-Sep-14,2341.88
10-Sep-14,2310.58
11-Sep-14,2260.92
12-Sep-14,2322.2
13-Sep-14,2318.37
14-Sep-14,2277.13
15-Sep-14,2275.29
16-Sep-14,2251.62
17-Sep-14,2240.76
18-Sep-14,2237.98
19-Sep-14,2218.45
20-Sep-14,2263.12
21-Sep-14,2270.82
22-Sep-14,2254.24
23-Sep-14,2253.31
24-Sep-14,2234.87
25-Sep-14,2223.08
26-Sep-14,2220.71
27-Sep-14,2195.4
28-Sep-14,2174.83
29-Sep-14,65.52
30-Sep-14,1089.19
01-Oct-14,1864.05
02-Oct-14,2107.72
03-Oct-14,2017.67
04-Oct-14,2115.68
05-Oct-14,2133.3
06-Oct-14,2112.91
07-Oct-14,2138.12
08-Oct-14,2107.18
09-Oct-14,2124.54
10-Oct-14,2114.92
11-Oct-14,2116.6
12-Oct-14,2104.15
13-Oct-14,2092.24
14-Oct-14,2093.52
15-Oct-14,2097.73
16-Oct-14,2094.21
17-Oct-14,2091.75
18-Oct-14,2084.84
19-Oct-14,2080.17
20-Oct-14,2064.7
21-Oct-14,2094.55
22-Oct-14,2076.53
23-Oct-14,2067.76
24-Oct-14,2045.35
25-Oct-14,2010.7
26-Oct-14,2137.38
27-Oct-14,2082.34
28-Oct-14,2077.67
29-Oct-14,1995.58
30-Oct-14,2085.17
31-Oct-14,2085.55
01-Nov-14,2064.19
02-Nov-14,2058.43
03-Nov-14,2048.68
04-Nov-14,2041.2
05-Nov-14,2018.43
06-Nov-14,2026.26
07-Nov-14,2065.09
08-Nov-14,2055.09
09-Nov-14,2044.4
10-Nov-14,1987.2
11-Nov-14,2056.1
12-Nov-14,2059.52
13-Nov-14,2026.24
14-Nov-14,2019.24
15-Nov-14,2038.2
16-Nov-14,2017.23
17-Nov-14,1995.03
18-Nov-14,2035.71
19-Nov-14,1982.57
20-Nov-14,2006
21-Nov-14,1992.17
22-Nov-14,1990.31
23-Nov-14,1918.42
24-Nov-14,1577.99
25-Nov-14,1351.97
26-Nov-14,605.8
27-Nov-14,637.02
28-Nov-14,977.28
29-Nov-14,754.1
30-Nov-14,469.74
01-Dec-14,448.71
02-Dec-14,460.07
03-Dec-14,456.05
04-Dec-14,662.11
05-Dec-14,905.35
06-Dec-14,605.76
07-Dec-14,532.66
08-Dec-14,497.84
09-Dec-14,511.2
10-Dec-14,604.73
11-Dec-14,474.03
12-Dec-14,564.74
13-Dec-14,469.43
14-Dec-14,628.57
15-Dec-14,579.26
16-Dec-14,610.34
17-Dec-14,629.74
18-Dec-14,637.14
19-Dec-14,641.69
20-Dec-14,646.83
21-Dec-14,603.83
22-Dec-14,578.51
23-Dec-14,588.51
24-Dec-14,589.76
25-Dec-14,603.12
26-Dec-14,618
27-Dec-14,598.5
28-Dec-14,600.28
29-Dec-14,623.21
30-Dec-14,669.81
31-Dec-14,693.54
,
,
,
,
,
,
,
,
,
,
,
,
,
,
,
,
,
,
,
,
,
,
,
,
,
,
,
,
,
,
,
,
,
,
,
,
,
,
,
,
,
,
,
,
,
,
,
,
,
,
,
,
,
,
,
,
,
,
,
,
,
,
,
,
,
,
,
,
,
,
,
,
,
,
,
,
,
,
,
,
,
,
,
,
,
,
,
,
,
,
,
,
,
,
,
,
,
,
,
,
,
,
,
,
,
,
,
,
,
,
,
,
,
,
,
,
,
,
,
,
,
,
,
,
,
,
,
,
,
,
,
,
,
,
,
,
,
,
,
,
,
,
,
,
,
,
,
,
,
,
,
,
,
,
,
,
,
,
,
,
,
,
,
,
,
,
,
,
,
,
,
,
,
,
,
,
,
,
,
,
,
,
,
,
,
,
,
,
,
,
,
,
,
,
,
,
,
,
,
,
,
,
,
,
,
,
,
,
,
,
,
,
,
,
,
,
,
,
,
,
,
,
,
,
,
,
,
,
,
,
,
,
,
,
,
,
,
,
,
,
,
,
,
,
,
,
,
,
,
,
,
,
,
,
,
,
,
,
,
,
,
,
,
,
,
,
,
,
,
,
,
,
,
,
,
,
,
,
,
,
,
,
,
,
,
,
,
,
,
,
,
,
,
,
,
,
,
,
,
,
,
,
,
,
,
,
,
,
,
,
,
,
,
,
,
,
,
,
,
,
,
,
,
,
,
,
,
,
,
,
,
,
,
,
,
,
,
,
,
,
,
,
,
,
,
,
,
,
,
,
,
,
,
,
,
,
,
,
,
,
,
,
,
,
,
,
,
,
,
,
,
,
,
,
,
,
,
,
,
,
,
,
,
,
,
,
,
,
,
,
,
,
,
,
,
,
,
,
,
,
,
,
,
,
,
,
,
,
,
,
,
,
,
,
,
,
,
,
,
,
,
,
,
,
,
,
,
,
,
,
,
,
,
,
,
,
,
,
,
,
,
,
,
,
,
,
,
,
,
,
,
,
,
,
,
,
,
,
,
,
,
,
,
,
,
,
,
,
,
,
,
,
,
,
,
,
,
,
,
,
,
,
,
,
,
,
,
,
,
,
,
,
,
,
,
,
,
,
,
,
,
,
,
,
,
,
,
,
,
,
,
,
,
,
,
,
,
,
,
,
,
,
,
,
,
,
,
,
,
,
,
,
,
,
,
,
,
,
,
,
,
,
,
,
,
,
,
,
,
,
,
,
,
,
,
,
,
,
,
,
,
,
,
,
,
,
,
,
,
,
,
,
,
,
,
,
,
,
,
,
,
,
,
,
,
,
,
,
,
,
,
,
,
,
,
,
,
,
,
,
,
,
,
,
,
,
,
,
,
,
,
,
,
,
,
,
,
,
,
,
,
,
,
,
,
,
,
,
,
,
,
,
,
,
,
,
,
,
,
,
,
,
,
,
,
,
,
,
